odedsvr	profile	https://files.kick.com/images/user/8436488/profile_image/conversion/16481ec1-a8fe-4087-9bea-a792a7e2d20c-fullsize.webp
odedsvr	vod0	https://images.kick.com/video_thumbnails/4JGobkvk5q8T/IEQs7JdWNzbA/720.webp
odedsvr	vod1	https://images.kick.com/video_thumbnails/4JGobkvk5q8T/zSCZYwKyqbMh/720.webp
odedsvr	vod2	https://images.kick.com/video_thumbnails/4JGobkvk5q8T/k1tjB1B71gGv/720.webp
odedsvr	vod3	https://images.kick.com/video_thumbnails/4JGobkvk5q8T/tUAAKm07kTCI/720.webp
odedsvr	clip0	https://clips.kick.com/clips/52/clip_01KSZ43CTQQ94BN1E17F6PBN67/thumbnail.webp
odedsvr	clip1	https://clips.kick.com/clips/75/clip_01JANV81GGEGY0ZEWG7QRATM10/thumbnail.webp
odedsvr	clip2	https://clips.kick.com/clips/cf/clip_01JANV7ZGH653CWYNKVPGCHB3Y/thumbnail.webp
ronengg	profile	https://files.kick.com/images/user/4955749/profile_image/conversion/e1ea0779-a7db-4f16-828a-e7e4e00d5be3-fullsize.webp
ronengg	live	https://stream.kick.com/thumbnails/livestream/129890646/thumb0/video_thumbnail/thumb0.jpg
ronengg	vod0	https://images.kick.com/video_thumbnails/pO7EVUddWoUy/92zCgUKTyjP6/720.webp
ronengg	vod1	https://images.kick.com/video_thumbnails/pO7EVUddWoUy/JAsVVmZInfqF/720.webp
ronengg	vod2	https://images.kick.com/video_thumbnails/pO7EVUddWoUy/McwnppXhDmRE/720.webp
ronengg	clip0	https://clips.kick.com/clips/80/clip_01K4N71NP06MTZ09BDACBSGPJ0/thumbnail.webp
ronengg	clip1	https://clips.kick.com/clips/38/clip_01K4N820PCRVHWJ0EWS2SR5A7X/thumbnail.webp
igz	profile	https://files.kick.com/images/user/3691093/profile_image/conversion/4b431c9e-8569-430c-9e64-5b497bc5ca1c-fullsize.webp
igz	vod0	https://images.kick.com/video_thumbnails/R7w3Jsr7eAFO/42jPyeftcNKq/720.webp
igz	vod1	https://images.kick.com/video_thumbnails/R7w3Jsr7eAFO/1olbOPwyctMh/720.webp
igz	vod2	https://images.kick.com/video_thumbnails/R7w3Jsr7eAFO/EqmKo3NDBYDr/720.webp
igz	vod3	https://images.kick.com/video_thumbnails/R7w3Jsr7eAFO/k8alJwgELkhC/720.webp
igz	clip0	https://clips.kick.com/clips/2b/clip_01KMEG2KK1VYBEBZSANJDF77YE/thumbnail.webp
igz	clip1	https://clips.kick.com/clips/f5/clip_01K6WY6F6BA3FW0VYZK28WQTFK/thumbnail.webp
liorslife	profile	https://files.kick.com/images/user/86976233/profile_image/conversion/4724dae9-7372-42dc-8809-4454569188f0-fullsize.webp
liorslife	live	https://stream.kick.com/thumbnails/livestream/129877556/thumb0/video_thumbnail/thumb0.jpg
liorslife	vod0	https://images.kick.com/video_thumbnails/1BuYJRJR71MY/1o5sQHTQawYm/720.webp
liorslife	vod1	https://images.kick.com/video_thumbnails/1BuYJRJR71MY/4qBipcPlxAw6/720.webp
liorslife	vod2	https://images.kick.com/video_thumbnails/1BuYJRJR71MY/VbtKgWimIkyb/720.webp
liorslife	clip0	https://clips.kick.com/clips/43/clip_01KCJ4J13XG0YZ3SFC8DNY12XK/thumbnail.webp
liorslife	clip1	https://clips.kick.com/clips/74/clip_01KKPSH0966TBTYP92RN41FQQE/thumbnail.webp
psyqr	profile	https://files.kick.com/images/user/8693372/profile_image/conversion/f89b3f5d-a270-4718-985d-a4bbc3c1c613-fullsize.webp
psyqr	vod0	https://images.kick.com/video_thumbnails/3Iz00xoJpkVo/AZMnusznFil9/720.webp
psyqr	vod1	https://images.kick.com/video_thumbnails/3Iz00xoJpkVo/xNJqFn5WA4tb/720.webp
psyqr	vod2	https://images.kick.com/video_thumbnails/3Iz00xoJpkVo/nQLp8jo8pfAW/720.webp
psyqr	vod3	https://images.kick.com/video_thumbnails/3Iz00xoJpkVo/FmqEIUXDPGCG/720.webp
psyqr	clip0	https://clips.kick.com/clips/27/clip_01K63SSJ0VCHJ5V0VAPEK8KA9Y/thumbnail.webp
psyqr	clip1	https://clips.kick.com/clips/1b/clip_01K63KRQE7811K8C5SEAYTHSK3/thumbnail.webp
sasivetheboiz	profile	https://files.kick.com/images/user/6892023/profile_image/conversion/56be7209-790d-4193-a8bf-bb483b89fc33-fullsize.webp
sasivetheboiz	vod0	https://images.kick.com/video_thumbnails/S9UDfSOksfYB/QLfZXr0EQXRu/720.webp
sasivetheboiz	vod1	https://images.kick.com/video_thumbnails/S9UDfSOksfYB/CBQRzlpoijWq/720.webp
sasivetheboiz	vod2	https://images.kick.com/video_thumbnails/S9UDfSOksfYB/1hncneA65cQq/720.webp
sasivetheboiz	vod3	https://images.kick.com/video_thumbnails/S9UDfSOksfYB/nKKL6dmIh1d8/720.webp
sasivetheboiz	clip0	https://clips.kick.com/clips/14/clip_01KHHH587GCRKVM3MNVDNBB4HA/thumbnail.webp
sasivetheboiz	clip1	https://clips.kick.com/clips/2b/clip_01KT0D4EGB3G9A2KECAT3N7BK0/thumbnail.webp
devidtur	profile	https://files.kick.com/images/user/3901323/profile_image/conversion/88de265e-9f7a-4ffa-884c-bfa702331367-fullsize.webp
devidtur	vod0	https://images.kick.com/video_thumbnails/OYyup7ffqRaY/JsyKNH8eTQom/720.webp
devidtur	vod1	https://images.kick.com/video_thumbnails/OYyup7ffqRaY/zG7X2sRfYJYg/720.webp
devidtur	vod2	https://images.kick.com/video_thumbnails/OYyup7ffqRaY/8ogmd5sKtAuo/720.webp
devidtur	vod3	https://images.kick.com/video_thumbnails/OYyup7ffqRaY/UNPG20d7aTq7/720.webp
devidtur	clip0	https://clips.kick.com/clips/db/clip_01M2BYNXKX950QE4ZJ94CMK1D5/thumbnail.webp
devidtur	clip1	https://clips.kick.com/clips/92/clip_01M2DZV7HCDY8VJ1XEN321566K/thumbnail.webp
pedrofederer	profile	https://files.kick.com/images/user/8692852/profile_image/conversion/137137fa-598b-4e17-bbf2-607fa7c91b09-fullsize.webp
pedrofederer	vod0	https://images.kick.com/video_thumbnails/lIRGbLNF9oz1/BmhpNDhtH6p4/720.webp
pedrofederer	vod1	https://images.kick.com/video_thumbnails/lIRGbLNF9oz1/9CCOvA1Y9F5F/720.webp
pedrofederer	vod2	https://images.kick.com/video_thumbnails/lIRGbLNF9oz1/xfbR0HoJEZ6l/720.webp
pedrofederer	vod3	https://images.kick.com/video_thumbnails/lIRGbLNF9oz1/v2yUYQDmvZQ1/720.webp
pedrofederer	clip0	https://clips.kick.com/clips/9e/clip_01KMH1QH9KMD3838KTPT7QF1AP/thumbnail.webp
pedrofederer	clip1	https://clips.kick.com/clips/05/clip_01KMZVPZBD75JVC07Z5TBZ1C4J/thumbnail.webp
maorameleh	profile	https://files.kick.com/images/user/3470466/profile_image/conversion/4763c1a6-5041-4946-82af-451bcf465dcc-fullsize.webp
maorameleh	vod0	https://images.kick.com/video_thumbnails/QQFM2vHqWK0W/98GgyJpikSr2/720.webp
maorameleh	vod1	https://images.kick.com/video_thumbnails/QQFM2vHqWK0W/DSvCZcPOzSYP/720.webp
maorameleh	vod2	https://images.kick.com/video_thumbnails/QQFM2vHqWK0W/gHxLJMy0IZBu/720.webp
maorameleh	vod3	https://images.kick.com/video_thumbnails/QQFM2vHqWK0W/I3ERpzu4IXDl/720.webp
maorameleh	clip0	https://clips.kick.com/clips/cd/clip_01K60QJRF1XFD5G4RA7H6AD5E1/thumbnail.webp
maorameleh	clip1	https://clips.kick.com/clips/95/clip_01K66G0MKCKWDAWEJX9CB8J8D1/thumbnail.webp
k0nkamc	profile	https://files.kick.com/images/user/93667297/profile_image/conversion/fd3c29ff-9f23-4140-b13a-5784931fd7f9-fullsize.webp
k0nkamc	live	https://stream.kick.com/thumbnails/livestream/129868219/thumb0/video_thumbnail/thumb0.jpg
k0nkamc	vod0	https://images.kick.com/video_thumbnails/oiwNiDl3bfMW/EXwZVGq7Tetc/720.webp
k0nkamc	vod1	https://images.kick.com/video_thumbnails/oiwNiDl3bfMW/7xCDZpdAhOof/720.webp
k0nkamc	vod2	https://images.kick.com/video_thumbnails/oiwNiDl3bfMW/vLUyEOSFs5xg/720.webp
k0nkamc	clip0	https://clips.kick.com/clips/66/clip_01KFRBPG1JPHHT49SSTTVZDJ78/thumbnail.webp
k0nkamc	clip1	https://clips.kick.com/clips/a7/clip_01KYD2T6X8WZ43EDWYKT4PBAR8/thumbnail.webp
masterohad	profile	https://files.kick.com/images/user/106428006/profile_image/conversion/95b9df08-1eed-4d04-8430-69ca8783f22f-fullsize.webp
masterohad	vod0	https://images.kick.com/video_thumbnails/CE30Mm8gpsqa/QM6GxdgCrC6G/720.webp
masterohad	vod1	https://images.kick.com/video_thumbnails/CE30Mm8gpsqa/U11T9IolwSPO/720.webp
masterohad	vod2	https://images.kick.com/video_thumbnails/CE30Mm8gpsqa/ff6ra1K5McVH/720.webp
masterohad	vod3	https://images.kick.com/video_thumbnails/CE30Mm8gpsqa/j1qfwE6Neoat/720.webp
masterohad	clip0	https://clips.kick.com/clips/9d/clip_01KZBN7612N6DCBVEY3P5PQ93G/thumbnail.webp
masterohad	clip1	https://clips.kick.com/clips/f5/clip_01M1A90G8ZJ6ZB8J1XHZWESDEY/thumbnail.webp
shotist	profile	https://files.kick.com/images/user/35240281/profile_image/conversion/0d70aa57-c932-498b-8411-ee6bfe748733-fullsize.webp
shotist	vod0	https://images.kick.com/video_thumbnails/fIZBXkw4wxGO/Q2t84z1Ocv3L/720.webp
shotist	vod1	https://images.kick.com/video_thumbnails/fIZBXkw4wxGO/3BaXLmhKYF3J/720.webp
shotist	vod2	https://images.kick.com/video_thumbnails/fIZBXkw4wxGO/tBV1XHGnm37K/720.webp
shotist	vod3	https://images.kick.com/video_thumbnails/fIZBXkw4wxGO/IfR5EQJWpKmQ/720.webp
shotist	clip0	https://clips.kick.com/clips/95/clip_01K7ESF1J4AV5KS5ACEKVX285V/thumbnail.webp
shotist	clip1	https://clips.kick.com/clips/ed/clip_01K75KYME8M538M8HK23TVKKKB/thumbnail.webp
